id_producto,sku,nombre_producto,categoria,subcategoria,marca,precio_lista,costo_unitario,estado_producto,fecha_actualizacion
P0001,SKU-MOD-0001,Tailspin Hombre Modelo 0001,Moda,Hombre,Tailspin,40700,28500,Activo,2025-05-25
P0002,SKU-MUE-0002,Northwind Oficina Modelo 0002,Muebles,Oficina,Northwind,699900,401400,Activo,2025-10-21
P0003,SKU-TEC-0003,Tailspin Celulares Modelo 0003,Tecnologia,Celulares,Tailspin,580000,353600,Activo,2024-04-24
P0004,SKU-MUE-0004,Andina Sala Modelo 0004,Muebles,Sala,Andina,543200,324900,Activo,2025-05-05
P0005,SKU-JUG-0005,Proseware Construccion Modelo 0005,Jugueteria,Construccion,Proseware,1103500,708700,Descontinuado,2025-09-01
P0006,SKU-ELE-0006,Litware Cocina Modelo 0006,Electrohogar,Cocina,Litware,1560500,1010800,Activo,2025-11-22
P0007,SKU-TEC-0007,Contoso Audio Modelo 0007,Tecnologia,Audio,Contoso,2201000,1594000,Activo,2024-07-30
P0008,SKU-ALI-0008,Andina Gourmet Modelo 0008,Alimentos,Gourmet,Andina,1347400,998900,Activo,2024-06-16
P0009,SKU-TEC-0009,Tailspin Computadores Modelo 0009,Tecnologia,Computadores,Tailspin,976000,646900,Activo,2026-04-23
P0010,SKU-MOD-0010,Contoso Infantil Modelo 0010,Moda,Infantil,Contoso,2055600,1430200,Activo,2024-05-30
P0011,SKU-JUG-0011,Fabrikam Didacticos Modelo 0011,Jugueteria,Didacticos,Fabrikam,966000,705400,Activo,2025-09-26
P0012,SKU-BEL-0012,Proseware Cuidado facial Modelo 0012,Belleza,Cuidado facial,Proseware,65000,45200,Activo,2026-04-28
P0013,SKU-JUG-0013,Contoso Coleccionables Modelo 0013,Jugueteria,Coleccionables,Contoso,43100,23100,Activo,2024-11-27
P0014,SKU-JUG-0014,Contoso Didacticos Modelo 0014,Jugueteria,Didacticos,Contoso,1687700,1165700,Activo,2025-09-14
P0015,SKU-MUE-0015,Litware Sala Modelo 0015,Muebles,Sala,Litware,2372300,1417300,Activo,2026-04-22
P0016,SKU-ELE-0016,Contoso Cocina Modelo 0016,Electrohogar,Cocina,Contoso,838300,644400,Activo,2024-07-19
P0017,SKU-DEP-0017,Contoso Fitness Modelo 0017,Deportes,Fitness,Contoso,1405400,860200,Activo,2024-07-31
P0018,SKU-BEL-0018,Litware Perfumes Modelo 0018,Belleza,Perfumes,Litware,2118900,1417700,Activo,2025-10-16
P0019,SKU-ELE-0019,Litware Aspiradoras Modelo 0019,Electrohogar,Aspiradoras,Litware,39100,25800,Activo,2025-11-10
P0020,SKU-JUG-0020,Fabrikam Construccion Modelo 0020,Jugueteria,Construccion,Fabrikam,1881400,1330200,Activo,2026-02-12
P0021,SKU-ELE-0021,Andina Lavado Modelo 0021,Electrohogar,Lavado,Andina,1013600,565600,Activo,2024-09-10
P0022,SKU-DEP-0022,Proseware Outdoor Modelo 0022,Deportes,Outdoor,Proseware,1974100,1334700,Activo,2024-07-23
P0023,SKU-DEP-0023,Tailspin Fitness Modelo 0023,Deportes,Fitness,Tailspin,1049800,561800,Activo,2024-08-23
P0024,SKU-JUG-0024,Tailspin Coleccionables Modelo 0024,Jugueteria,Coleccionables,Tailspin,176300,107500,Activo,2024-09-30
P0025,SKU-ELE-0025,Tailspin Lavado Modelo 0025,Electrohogar,Lavado,Tailspin,656200,408200,Activo,2025-05-25
P0026,SKU-JUG-0026,Adventure Construccion Modelo 0026,Jugueteria,Construccion,Adventure,2332100,1214000,Activo,2024-04-15
P0027,SKU-DEP-0027,Proseware Ciclismo Modelo 0027,Deportes,Ciclismo,Proseware,1144400,619700,Activo,2026-02-10
P0028,SKU-JUG-0028,WideWorld Construccion Modelo 0028,Jugueteria,Construccion,WideWorld,1343000,844400,Activo,2025-08-04
P0029,SKU-JUG-0029,Andina Construccion Modelo 0029,Jugueteria,Construccion,Andina,1341000,715100,Descontinuado,2026-06-05
P0030,SKU-DEP-0030,Litware Fitness Modelo 0030,Deportes,Fitness,Litware,584400,353400,Activo,2025-01-19
P0031,SKU-ELE-0031,Tailspin Lavado Modelo 0031,Electrohogar,Lavado,Tailspin,342700,185300,Activo,2024-12-09
P0032,SKU-DEP-0032,Tailspin Futbol Modelo 0032,Deportes,Futbol,Tailspin,2114800,1442900,Activo,2025-02-12
P0033,SKU-TEC-0033,Northwind Accesorios Modelo 0033,Tecnologia,Accesorios,Northwind,2322200,1330000,Activo,2025-10-24
P0034,SKU-ELE-0034,Andina Cocina Modelo 0034,Electrohogar,Cocina,Andina,436300,283800,Activo,2025-11-04
P0035,SKU-BEL-0035,Tailspin Maquillaje Modelo 0035,Belleza,Maquillaje,Tailspin,739000,400200,Activo,2024-04-28
P0036,SKU-JUG-0036,Adventure Exterior Modelo 0036,Jugueteria,Exterior,Adventure,1131100,832600,Activo,2025-12-24
P0037,SKU-JUG-0037,Fabrikam Exterior Modelo 0037,Jugueteria,Exterior,Fabrikam,1600300,1124100,Activo,2026-05-21
P0038,SKU-JUG-0038,Northwind Coleccionables Modelo 0038,Jugueteria,Coleccionables,Northwind,651500,383300,Activo,2025-01-13
P0039,SKU-JUG-0039,Fabrikam Didacticos Modelo 0039,Jugueteria,Didacticos,Fabrikam,1390500,946600,Activo,2024-02-04
P0040,SKU-MUE-0040,Proseware Oficina Modelo 0040,Muebles,Oficina,Proseware,224400,138700,Activo,2025-05-02
P0041,SKU-MUE-0041,Andina Oficina Modelo 0041,Muebles,Oficina,Andina,2346100,1768000,Descontinuado,2025-02-28
P0042,SKU-TEC-0042,Adventure Video Modelo 0042,Tecnologia,Video,Adventure,1943800,1398700,Activo,2026-06-16
P0043,SKU-JUG-0043,Northwind Exterior Modelo 0043,Jugueteria,Exterior,Northwind,1788800,1043000,Activo,2024-10-03
P0044,SKU-JUG-0044,Tailspin Construccion Modelo 0044,Jugueteria,Construccion,Tailspin,2027300,1491000,Activo,2024-01-29
P0045,SKU-MUE-0045,WideWorld Sala Modelo 0045,Muebles,Sala,WideWorld,1585900,1183300,Activo,2025-02-20
P0046,SKU-DEP-0046,Contoso Fitness Modelo 0046,Deportes,Fitness,Contoso,1512300,793200,Activo,2026-06-13
P0047,SKU-MUE-0047,Tailspin Comedor Modelo 0047,Muebles,Comedor,Tailspin,45000,24800,Descontinuado,2024-09-09
P0048,SKU-ALI-0048,WideWorld Gourmet Modelo 0048,Alimentos,Gourmet,WideWorld,1195000,740000,Activo,2026-01-05
P0049,SKU-JUG-0049,Contoso Exterior Modelo 0049,Jugueteria,Exterior,Contoso,1714900,1267900,Activo,2024-02-07
P0050,SKU-DEP-0050,Northwind Fitness Modelo 0050,Deportes,Fitness,Northwind,83100,47800,Activo,2024-10-11
P0051,SKU-BEL-0051,Contoso Cuidado corporal Modelo 0051,Belleza,Cuidado corporal,Contoso,1583300,1134700,Activo,2024-10-31
P0052,SKU-ALI-0052,Fabrikam Despensa Modelo 0052,Alimentos,Despensa,Fabrikam,952200,669300,Activo,2025-03-23
P0053,SKU-MUE-0053,Fabrikam Comedor Modelo 0053,Muebles,Comedor,Fabrikam,829800,496400,Activo,2025-04-28
P0054,SKU-TEC-0054,Andina Audio Modelo 0054,Tecnologia,Audio,Andina,1819400,994300,Activo,2026-05-26
P0055,SKU-MOD-0055,WideWorld Mujer Modelo 0055,Moda,Mujer,WideWorld,2049900,1291400,Activo,2025-07-16
P0056,SKU-ELE-0056,Andina Cocina Modelo 0056,Electrohogar,Cocina,Andina,2397500,1303900,Activo,2024-03-11
P0057,SKU-TEC-0057,Contoso Celulares Modelo 0057,Tecnologia,Celulares,Contoso,2100200,1278600,Activo,2025-06-13
P0058,SKU-BEL-0058,Proseware Cuidado facial Modelo 0058,Belleza,Cuidado facial,Proseware,56100,35900,Activo,2024-08-09
P0059,SKU-DEP-0059,WideWorld Futbol Modelo 0059,Deportes,Futbol,WideWorld,1249500,810100,Activo,2026-01-19
P0060,SKU-JUG-0060,Litware Exterior Modelo 0060,Jugueteria,Exterior,Litware,2144800,1245000,Activo,2026-04-20
P0061,SKU-TEC-0061,WideWorld Computadores Modelo 0061,Tecnologia,Computadores,WideWorld,1517200,967900,Activo,2024-08-30
P0062,SKU-TEC-0062,Adventure Celulares Modelo 0062,Tecnologia,Celulares,Adventure,1822200,1312300,Activo,2024-04-21
P0063,SKU-ALI-0063,Contoso Despensa Modelo 0063,Alimentos,Despensa,Contoso,301700,226800,Activo,2025-01-23
P0064,SKU-JUG-0064,WideWorld Exterior Modelo 0064,Jugueteria,Exterior,WideWorld,2307400,1523300,Activo,2024-04-25
P0065,SKU-MUE-0065,Fabrikam Oficina Modelo 0065,Muebles,Oficina,Fabrikam,1194400,799800,Activo,2025-09-14
P0066,SKU-TEC-0066,Proseware Computadores Modelo 0066,Tecnologia,Computadores,Proseware,298200,206600,Activo,2024-06-14
P0067,SKU-ALI-0067,Northwind Despensa Modelo 0067,Alimentos,Despensa,Northwind,1384500,1033000,Activo,2026-03-04
P0068,SKU-MUE-0068,Fabrikam Comedor Modelo 0068,Muebles,Comedor,Fabrikam,1291900,721500,Activo,2024-01-26
P0069,SKU-BEL-0069,Litware Perfumes Modelo 0069,Belleza,Perfumes,Litware,2489600,1863600,Activo,2026-02-16
P0070,SKU-ELE-0070,WideWorld Cocina Modelo 0070,Electrohogar,Cocina,WideWorld,197500,131600,Activo,2025-05-26
P0071,SKU-MUE-0071,Northwind Dormitorio Modelo 0071,Muebles,Dormitorio,Northwind,1587800,865700,Activo,2025-10-13
P0072,SKU-DEP-0072,Adventure Ciclismo Modelo 0072,Deportes,Ciclismo,Adventure,1808500,1162900,Activo,2026-04-25
P0073,SKU-ELE-0073,Contoso Climatizacion Modelo 0073,Electrohogar,Climatizacion,Contoso,98900,56600,Activo,2025-05-27
P0074,SKU-ALI-0074,Adventure Gourmet Modelo 0074,Alimentos,Gourmet,Adventure,281400,153800,Activo,2025-10-29
P0075,SKU-MOD-0075,Andina Infantil Modelo 0075,Moda,Infantil,Andina,2353200,1388700,Activo,2025-06-04
P0076,SKU-DEP-0076,Litware Fitness Modelo 0076,Deportes,Fitness,Litware,745000,403100,Activo,2026-04-28
P0077,SKU-MUE-0077,Andina Sala Modelo 0077,Muebles,Sala,Andina,2366300,1441400,Activo,2025-08-17
P0078,SKU-JUG-0078,Proseware Coleccionables Modelo 0078,Jugueteria,Coleccionables,Proseware,2453900,1575200,Activo,2025-07-29
P0079,SKU-DEP-0079,Tailspin Outdoor Modelo 0079,Deportes,Outdoor,Tailspin,492100,321600,Activo,2024-02-28
P0080,SKU-BEL-0080,Tailspin Perfumes Modelo 0080,Belleza,Perfumes,Tailspin,2453600,1412800,Activo,2025-07-21
P0081,SKU-ELE-0081,Fabrikam Climatizacion Modelo 0081,Electrohogar,Climatizacion,Fabrikam,1312700,791900,Activo,2025-10-25
P0082,SKU-ALI-0082,Tailspin Despensa Modelo 0082,Alimentos,Despensa,Tailspin,1831100,1170300,Activo,2025-06-09
P0083,SKU-JUG-0083,Contoso Coleccionables Modelo 0083,Jugueteria,Coleccionables,Contoso,2429600,1410300,Activo,2025-06-03
P0084,SKU-DEP-0084,Fabrikam Fitness Modelo 0084,Deportes,Fitness,Fabrikam,1835100,1377100,Activo,2026-04-05
P0085,SKU-MOD-0085,Northwind Mujer Modelo 0085,Moda,Mujer,Northwind,323600,240000,Activo,2024-12-13
P0086,SKU-ALI-0086,WideWorld Despensa Modelo 0086,Alimentos,Despensa,WideWorld,889200,651600,Activo,2025-12-21
P0087,SKU-MUE-0087,WideWorld Oficina Modelo 0087,Muebles,Oficina,WideWorld,327800,173500,Activo,2025-09-26
P0088,SKU-DEP-0088,Tailspin Ciclismo Modelo 0088,Deportes,Ciclismo,Tailspin,2014500,1153400,Activo,2025-01-31
P0089,SKU-JUG-0089,Adventure Construccion Modelo 0089,Jugueteria,Construccion,Adventure,2031300,1100000,Descontinuado,2024-03-08
P0090,SKU-BEL-0090,Contoso Cuidado corporal Modelo 0090,Belleza,Cuidado corporal,Contoso,2291100,1243400,Activo,2024-10-21
P0091,SKU-JUG-0091,Northwind Exterior Modelo 0091,Jugueteria,Exterior,Northwind,1861400,1058600,Activo,2024-08-04
P0092,SKU-MOD-0092,Tailspin Calzado Modelo 0092,Moda,Calzado,Tailspin,85300,66000,Activo,2025-11-18
P0093,SKU-ALI-0093,Adventure Despensa Modelo 0093,Alimentos,Despensa,Adventure,2009900,1182500,Activo,2024-03-11
P0094,SKU-TEC-0094,Tailspin Accesorios Modelo 0094,Tecnologia,Accesorios,Tailspin,204900,123500,Activo,2024-12-20
P0095,SKU-DEP-0095,Northwind Outdoor Modelo 0095,Deportes,Outdoor,Northwind,968900,624600,Activo,2025-05-22
P0096,SKU-TEC-0096,WideWorld Celulares Modelo 0096,Tecnologia,Celulares,WideWorld,1781900,1043400,Activo,2025-06-03
P0097,SKU-MUE-0097,Proseware Comedor Modelo 0097,Muebles,Comedor,Proseware,1557700,1105400,Activo,2025-05-11
P0098,SKU-DEP-0098,Andina Outdoor Modelo 0098,Deportes,Outdoor,Andina,418900,227800,Activo,2025-10-20
P0099,SKU-ELE-0099,Litware Climatizacion Modelo 0099,Electrohogar,Climatizacion,Litware,2384800,1367700,Activo,2026-06-17
P0100,SKU-ALI-0100,Contoso Gourmet Modelo 0100,Alimentos,Gourmet,Contoso,1159800,675600,Activo,2025-09-21
P0101,SKU-TEC-0101,Litware Accesorios Modelo 0101,Tecnologia,Accesorios,Litware,1800500,1149100,Activo,2025-11-02
P0102,SKU-ALI-0102,Contoso Snacks Modelo 0102,Alimentos,Snacks,Contoso,1404100,959600,Activo,2025-08-10
P0103,SKU-MUE-0103,Proseware Sala Modelo 0103,Muebles,Sala,Proseware,190300,144300,Activo,2024-10-01
P0104,SKU-TEC-0104,Contoso Celulares Modelo 0104,Tecnologia,Celulares,Contoso,1901800,1295500,Activo,2025-10-26
P0105,SKU-MUE-0105,WideWorld Comedor Modelo 0105,Muebles,Comedor,WideWorld,2273700,1528500,Activo,2025-09-18
P0106,SKU-JUG-0106,Litware Construccion Modelo 0106,Jugueteria,Construccion,Litware,2222400,1599600,Activo,2025-06-28
P0107,SKU-MOD-0107,Tailspin Infantil Modelo 0107,Moda,Infantil,Tailspin,2439300,1722500,Activo,2025-06-07
P0108,SKU-MOD-0108,Tailspin Mujer Modelo 0108,Moda,Mujer,Tailspin,2405600,1625600,Activo,2025-09-21
P0109,SKU-JUG-0109,Litware Didacticos Modelo 0109,Jugueteria,Didacticos,Litware,833700,459600,Activo,2026-06-06
P0110,SKU-DEP-0110,Northwind Ciclismo Modelo 0110,Deportes,Ciclismo,Northwind,1649700,1249700,Activo,2025-01-21
P0111,SKU-DEP-0111,WideWorld Outdoor Modelo 0111,Deportes,Outdoor,WideWorld,186600,119400,Activo,2026-03-07
P0112,SKU-MOD-0112,Northwind Mujer Modelo 0112,Moda,Mujer,Northwind,1700400,1194000,Activo,2024-04-25
P0113,SKU-MOD-0113,Adventure Mujer Modelo 0113,Moda,Mujer,Adventure,2450000,1426700,Activo,2024-08-01
P0114,SKU-TEC-0114,Litware Audio Modelo 0114,Tecnologia,Audio,Litware,1725000,1310900,Activo,2024-10-24
P0115,SKU-MOD-0115,Tailspin Hombre Modelo 0115,Moda,Hombre,Tailspin,1293500,921500,Activo,2025-09-11
P0116,SKU-JUG-0116,Litware Coleccionables Modelo 0116,Jugueteria,Coleccionables,Litware,1493800,873900,Activo,2024-08-12
P0117,SKU-ALI-0117,Northwind Gourmet Modelo 0117,Alimentos,Gourmet,Northwind,1069100,793100,Activo,2025-03-29
P0118,SKU-MOD-0118,Adventure Hombre Modelo 0118,Moda,Hombre,Adventure,2428100,1808800,Activo,2024-12-14
P0119,SKU-ELE-0119,WideWorld Aspiradoras Modelo 0119,Electrohogar,Aspiradoras,WideWorld,1542900,922600,Activo,2025-03-19
P0120,SKU-ELE-0120,Litware Lavado Modelo 0120,Electrohogar,Lavado,Litware,1573000,1076600,Activo,2024-12-12
P0121,SKU-JUG-0121,Northwind Didacticos Modelo 0121,Jugueteria,Didacticos,Northwind,1460700,865700,Activo,2026-05-01
P0122,SKU-TEC-0122,Litware Celulares Modelo 0122,Tecnologia,Celulares,Litware,1710300,1273800,Activo,2026-04-22
P0123,SKU-TEC-0123,Fabrikam Accesorios Modelo 0123,Tecnologia,Accesorios,Fabrikam,2150500,1625900,Activo,2025-06-21
P0124,SKU-DEP-0124,Fabrikam Fitness Modelo 0124,Deportes,Fitness,Fabrikam,1003900,556600,Activo,2025-03-26
P0125,SKU-MOD-0125,Adventure Infantil Modelo 0125,Moda,Infantil,Adventure,1718600,1156900,Activo,2026-05-07
P0126,SKU-BEL-0126,Adventure Cuidado facial Modelo 0126,Belleza,Cuidado facial,Adventure,861400,513700,Activo,2025-02-02
P0127,SKU-ELE-0127,Andina Aspiradoras Modelo 0127,Electrohogar,Aspiradoras,Andina,402000,210900,Activo,2024-06-26
P0128,SKU-ALI-0128,Litware Despensa Modelo 0128,Alimentos,Despensa,Litware,274200,190100,Activo,2025-02-04
P0129,SKU-JUG-0129,Litware Didacticos Modelo 0129,Jugueteria,Didacticos,Litware,1610900,906500,Activo,2025-01-29
P0130,SKU-MOD-0130,Northwind Mujer Modelo 0130,Moda,Mujer,Northwind,2481900,1478000,Activo,2025-03-22
P0131,SKU-ELE-0131,Adventure Climatizacion Modelo 0131,Electrohogar,Climatizacion,Adventure,1596200,1086000,Activo,2026-02-05
P0132,SKU-ALI-0132,WideWorld Bebidas Modelo 0132,Alimentos,Bebidas,WideWorld,1051000,567200,Activo,2024-09-21
P0133,SKU-MOD-0133,Contoso Hombre Modelo 0133,Moda,Hombre,Contoso,1272800,939900,Activo,2024-06-12
P0134,SKU-MUE-0134,Proseware Dormitorio Modelo 0134,Muebles,Dormitorio,Proseware,1997500,1514400,Activo,2025-02-01
P0135,SKU-ALI-0135,Adventure Despensa Modelo 0135,Alimentos,Despensa,Adventure,1966800,1270900,Activo,2025-05-11
P0136,SKU-DEP-0136,WideWorld Outdoor Modelo 0136,Deportes,Outdoor,WideWorld,1389900,1079400,Activo,2024-08-08
P0137,SKU-JUG-0137,WideWorld Didacticos Modelo 0137,Jugueteria,Didacticos,WideWorld,2088000,1293400,Activo,2025-10-22
P0138,SKU-JUG-0138,Litware Coleccionables Modelo 0138,Jugueteria,Coleccionables,Litware,2070900,1362800,Activo,2024-05-17
P0139,SKU-MOD-0139,Proseware Infantil Modelo 0139,Moda,Infantil,Proseware,2307900,1777400,Activo,2024-08-12
P0140,SKU-JUG-0140,Fabrikam Didacticos Modelo 0140,Jugueteria,Didacticos,Fabrikam,545200,362200,Activo,2025-03-24
P0141,SKU-TEC-0141,Litware Celulares Modelo 0141,Tecnologia,Celulares,Litware,2013400,1102100,Activo,2025-07-02
P0142,SKU-MUE-0142,Adventure Comedor Modelo 0142,Muebles,Comedor,Adventure,1793200,1337400,Activo,2024-03-02
P0143,SKU-DEP-0143,WideWorld Ciclismo Modelo 0143,Deportes,Ciclismo,WideWorld,939400,589300,Activo,2025-01-05
P0144,SKU-ALI-0144,Litware Bebidas Modelo 0144,Alimentos,Bebidas,Litware,1552900,1028900,Activo,2024-11-18
P0145,SKU-ELE-0145,Proseware Lavado Modelo 0145,Electrohogar,Lavado,Proseware,1153100,815800,Activo,2025-06-07
P0146,SKU-MUE-0146,Northwind Comedor Modelo 0146,Muebles,Comedor,Northwind,1777000,1178300,Activo,2025-07-01
P0147,SKU-BEL-0147,Tailspin Cuidado facial Modelo 0147,Belleza,Cuidado facial,Tailspin,2141000,1589800,Activo,2024-10-10
P0148,SKU-ALI-0148,Proseware Despensa Modelo 0148,Alimentos,Despensa,Proseware,1357100,869900,Activo,2025-02-19
P0149,SKU-TEC-0149,Fabrikam Celulares Modelo 0149,Tecnologia,Celulares,Fabrikam,2258800,1398000,Activo,2024-10-29
P0150,SKU-ALI-0150,Contoso Bebidas Modelo 0150,Alimentos,Bebidas,Contoso,1202500,707300,Activo,2025-11-16
P0151,SKU-TEC-0151,Andina Computadores Modelo 0151,Tecnologia,Computadores,Andina,1021000,714200,Activo,2025-08-07
P0152,SKU-MUE-0152,Tailspin Oficina Modelo 0152,Muebles,Oficina,Tailspin,702100,369800,Activo,2024-12-22
P0153,SKU-ELE-0153,Northwind Cocina Modelo 0153,Electrohogar,Cocina,Northwind,628200,416800,Activo,2024-02-02
P0154,SKU-ALI-0154,Litware Despensa Modelo 0154,Alimentos,Despensa,Litware,186400,120800,Activo,2026-01-22
P0155,SKU-MOD-0155,Fabrikam Infantil Modelo 0155,Moda,Infantil,Fabrikam,1823900,969300,Activo,2024-01-25
P0156,SKU-MOD-0156,Proseware Hombre Modelo 0156,Moda,Hombre,Proseware,602000,405100,Activo,2024-03-27
P0157,SKU-ALI-0157,Litware Bebidas Modelo 0157,Alimentos,Bebidas,Litware,1785400,1128000,Activo,2024-12-10
P0158,SKU-TEC-0158,Tailspin Accesorios Modelo 0158,Tecnologia,Accesorios,Tailspin,969500,607700,Activo,2025-03-29
P0159,SKU-JUG-0159,Andina Exterior Modelo 0159,Jugueteria,Exterior,Andina,1233800,780400,Activo,2024-02-21
P0160,SKU-MUE-0160,Fabrikam Sala Modelo 0160,Muebles,Sala,Fabrikam,1538800,887400,Activo,2025-05-29
P0161,SKU-DEP-0161,Adventure Fitness Modelo 0161,Deportes,Fitness,Adventure,1100300,619100,Activo,2024-07-26
P0162,SKU-ALI-0162,Contoso Gourmet Modelo 0162,Alimentos,Gourmet,Contoso,1475800,1012700,Activo,2025-06-23
P0163,SKU-JUG-0163,Tailspin Coleccionables Modelo 0163,Jugueteria,Coleccionables,Tailspin,2186700,1604700,Activo,2024-01-01
P0164,SKU-TEC-0164,Northwind Audio Modelo 0164,Tecnologia,Audio,Northwind,1247200,907800,Activo,2026-03-05
P0165,SKU-BEL-0165,Proseware Cuidado facial Modelo 0165,Belleza,Cuidado facial,Proseware,1292400,903900,Descontinuado,2024-08-01
P0166,SKU-MOD-0166,WideWorld Infantil Modelo 0166,Moda,Infantil,WideWorld,1763500,1331700,Activo,2024-02-11
P0167,SKU-DEP-0167,Northwind Outdoor Modelo 0167,Deportes,Outdoor,Northwind,1448400,904600,Activo,2026-05-13
P0168,SKU-TEC-0168,Northwind Celulares Modelo 0168,Tecnologia,Celulares,Northwind,819800,459300,Activo,2024-01-24
P0169,SKU-BEL-0169,Litware Perfumes Modelo 0169,Belleza,Perfumes,Litware,496700,303200,Activo,2026-02-26
P0170,SKU-ALI-0170,Adventure Gourmet Modelo 0170,Alimentos,Gourmet,Adventure,1309300,1004800,Activo,2026-03-16
P0171,SKU-MUE-0171,Andina Sala Modelo 0171,Muebles,Sala,Andina,769700,512900,Activo,2024-02-20
P0172,SKU-JUG-0172,Contoso Exterior Modelo 0172,Jugueteria,Exterior,Contoso,1657700,1172800,Activo,2024-05-13
P0173,SKU-JUG-0173,Andina Didacticos Modelo 0173,Jugueteria,Didacticos,Andina,113400,73700,Activo,2024-11-26
P0174,SKU-MUE-0174,Tailspin Oficina Modelo 0174,Muebles,Oficina,Tailspin,502600,286900,Activo,2025-09-28
P0175,SKU-TEC-0175,Adventure Audio Modelo 0175,Tecnologia,Audio,Adventure,2044900,1124700,Activo,2025-11-12
P0176,SKU-MUE-0176,Litware Dormitorio Modelo 0176,Muebles,Dormitorio,Litware,677100,380800,Descontinuado,2026-01-08
P0177,SKU-ALI-0177,Northwind Despensa Modelo 0177,Alimentos,Despensa,Northwind,502400,303100,Activo,2025-04-11
P0178,SKU-ELE-0178,Litware Cocina Modelo 0178,Electrohogar,Cocina,Litware,1285000,810900,Activo,2025-05-29
P0179,SKU-TEC-0179,Andina Audio Modelo 0179,Tecnologia,Audio,Andina,1779000,1344900,Activo,2026-01-29
P0180,SKU-BEL-0180,Adventure Cuidado corporal Modelo 0180,Belleza,Cuidado corporal,Adventure,1379800,969000,Activo,2025-01-01
P0181,SKU-BEL-0181,Adventure Maquillaje Modelo 0181,Belleza,Maquillaje,Adventure,2477100,1326100,Activo,2025-05-04
P0182,SKU-MUE-0182,Northwind Oficina Modelo 0182,Muebles,Oficina,Northwind,621800,343900,Activo,2025-02-22
P0183,SKU-JUG-0183,Proseware Didacticos Modelo 0183,Jugueteria,Didacticos,Proseware,1141100,747100,Activo,2024-06-11
P0184,SKU-BEL-0184,Fabrikam Maquillaje Modelo 0184,Belleza,Maquillaje,Fabrikam,2188100,1386500,Activo,2024-06-09
P0185,SKU-MOD-0185,Adventure Calzado Modelo 0185,Moda,Calzado,Adventure,1273900,952800,Activo,2024-08-22
P0186,SKU-ELE-0186,Proseware Lavado Modelo 0186,Electrohogar,Lavado,Proseware,2428000,1377400,Activo,2024-01-05
P0187,SKU-DEP-0187,Tailspin Ciclismo Modelo 0187,Deportes,Ciclismo,Tailspin,845300,458000,Activo,2024-06-30
P0188,SKU-TEC-0188,Andina Celulares Modelo 0188,Tecnologia,Celulares,Andina,2477600,1831100,Activo,2024-06-17
P0189,SKU-TEC-0189,Litware Video Modelo 0189,Tecnologia,Video,Litware,171300,126200,Activo,2026-02-14
P0190,SKU-DEP-0190,Proseware Fitness Modelo 0190,Deportes,Fitness,Proseware,2496000,1642900,Descontinuado,2024-12-16
P0191,SKU-JUG-0191,Contoso Didacticos Modelo 0191,Jugueteria,Didacticos,Contoso,2112500,1646100,Activo,2025-12-10
P0192,SKU-JUG-0192,Proseware Didacticos Modelo 0192,Jugueteria,Didacticos,Proseware,2019800,1234000,Activo,2025-08-08
P0193,SKU-MOD-0193,WideWorld Calzado Modelo 0193,Moda,Calzado,WideWorld,1816300,1327500,Activo,2026-03-16
P0194,SKU-ELE-0194,Tailspin Cocina Modelo 0194,Electrohogar,Cocina,Tailspin,25800,16200,Activo,2025-08-02
P0195,SKU-BEL-0195,Proseware Cuidado facial Modelo 0195,Belleza,Cuidado facial,Proseware,648900,404200,Activo,2024-12-03
P0196,SKU-MUE-0196,Proseware Sala Modelo 0196,Muebles,Sala,Proseware,820600,580400,Activo,2025-05-06
P0197,SKU-MOD-0197,Litware Mujer Modelo 0197,Moda,Mujer,Litware,352300,266300,Activo,2025-11-27
P0198,SKU-BEL-0198,Litware Perfumes Modelo 0198,Belleza,Perfumes,Litware,1174600,638600,Activo,2024-06-02
P0199,SKU-JUG-0199,WideWorld Coleccionables Modelo 0199,Jugueteria,Coleccionables,WideWorld,2117000,1587800,Activo,2024-04-25
P0200,SKU-MOD-0200,Andina Hombre Modelo 0200,Moda,Hombre,Andina,1452200,796300,Activo,2025-03-30
P0201,SKU-ELE-0201,Andina Climatizacion Modelo 0201,Electrohogar,Climatizacion,Andina,215100,158700,Activo,2024-10-15
P0202,SKU-MUE-0202,Contoso Oficina Modelo 0202,Muebles,Oficina,Contoso,97000,70700,Activo,2024-06-17
P0203,SKU-MUE-0203,Northwind Sala Modelo 0203,Muebles,Sala,Northwind,1071900,772000,Activo,2026-06-03
P0204,SKU-JUG-0204,WideWorld Didacticos Modelo 0204,Jugueteria,Didacticos,WideWorld,1168100,862900,Activo,2024-09-26
P0205,SKU-BEL-0205,Tailspin Perfumes Modelo 0205,Belleza,Perfumes,Tailspin,757300,497800,Activo,2026-01-13
P0206,SKU-JUG-0206,WideWorld Exterior Modelo 0206,Jugueteria,Exterior,WideWorld,2235000,1518000,Activo,2024-03-26
P0207,SKU-JUG-0207,WideWorld Coleccionables Modelo 0207,Jugueteria,Coleccionables,WideWorld,1908600,1472800,Activo,2024-03-31
P0208,SKU-ELE-0208,Proseware Aspiradoras Modelo 0208,Electrohogar,Aspiradoras,Proseware,529300,337800,Activo,2024-04-07
P0209,SKU-MUE-0209,Litware Oficina Modelo 0209,Muebles,Oficina,Litware,1094100,702200,Activo,2024-08-27
P0210,SKU-BEL-0210,Northwind Maquillaje Modelo 0210,Belleza,Maquillaje,Northwind,1258100,866700,Activo,2026-06-16
P0211,SKU-ALI-0211,Proseware Bebidas Modelo 0211,Alimentos,Bebidas,Proseware,319600,212500,Activo,2025-04-16
P0212,SKU-MUE-0212,Andina Dormitorio Modelo 0212,Muebles,Dormitorio,Andina,1272900,816000,Activo,2025-07-03
P0213,SKU-DEP-0213,Proseware Outdoor Modelo 0213,Deportes,Outdoor,Proseware,1655500,1001200,Activo,2025-06-19
P0214,SKU-MUE-0214,WideWorld Sala Modelo 0214,Muebles,Sala,WideWorld,44500,24300,Activo,2024-03-08
P0215,SKU-ALI-0215,WideWorld Despensa Modelo 0215,Alimentos,Despensa,WideWorld,1355600,718900,Activo,2026-04-16
P0216,SKU-MOD-0216,Adventure Calzado Modelo 0216,Moda,Calzado,Adventure,1751700,1105100,Activo,2026-04-24
P0217,SKU-DEP-0217,Adventure Outdoor Modelo 0217,Deportes,Outdoor,Adventure,408400,250600,Activo,2024-12-29
P0218,SKU-ELE-0218,Tailspin Cocina Modelo 0218,Electrohogar,Cocina,Tailspin,376000,266900,Activo,2025-09-05
P0219,SKU-JUG-0219,Andina Coleccionables Modelo 0219,Jugueteria,Coleccionables,Andina,2496000,1889300,Activo,2024-03-31
P0220,SKU-MOD-0220,WideWorld Calzado Modelo 0220,Moda,Calzado,WideWorld,2339600,1248600,Activo,2025-12-23
P0221,SKU-MUE-0221,Litware Sala Modelo 0221,Muebles,Sala,Litware,2068500,1545700,Activo,2024-09-24
P0222,SKU-ALI-0222,Fabrikam Snacks Modelo 0222,Alimentos,Snacks,Fabrikam,2360600,1270400,Activo,2026-04-27
P0223,SKU-ELE-0223,Adventure Aspiradoras Modelo 0223,Electrohogar,Aspiradoras,Adventure,1858400,1404000,Activo,2024-02-16
P0224,SKU-DEP-0224,Andina Ciclismo Modelo 0224,Deportes,Ciclismo,Andina,953000,742200,Activo,2024-07-09
P0225,SKU-BEL-0225,Contoso Perfumes Modelo 0225,Belleza,Perfumes,Contoso,2311600,1502000,Activo,2026-03-23
P0226,SKU-JUG-0226,Tailspin Coleccionables Modelo 0226,Jugueteria,Coleccionables,Tailspin,1883500,1062200,Activo,2024-11-26
P0227,SKU-ALI-0227,Fabrikam Gourmet Modelo 0227,Alimentos,Gourmet,Fabrikam,30400,19500,Activo,2025-07-07
P0228,SKU-ELE-0228,Tailspin Lavado Modelo 0228,Electrohogar,Lavado,Tailspin,1952600,1045800,Activo,2026-02-23
P0229,SKU-TEC-0229,Proseware Audio Modelo 0229,Tecnologia,Audio,Proseware,811500,572500,Activo,2024-10-19
P0230,SKU-MOD-0230,Litware Calzado Modelo 0230,Moda,Calzado,Litware,684400,436500,Activo,2026-01-19
P0231,SKU-MUE-0231,Contoso Dormitorio Modelo 0231,Muebles,Dormitorio,Contoso,486900,338200,Activo,2024-02-18
P0232,SKU-MOD-0232,Proseware Infantil Modelo 0232,Moda,Infantil,Proseware,597400,381700,Activo,2025-04-08
P0233,SKU-MUE-0233,Andina Comedor Modelo 0233,Muebles,Comedor,Andina,325300,174700,Activo,2024-05-21
P0234,SKU-MOD-0234,WideWorld Mujer Modelo 0234,Moda,Mujer,WideWorld,2139900,1640400,Activo,2026-06-14
P0235,SKU-ELE-0235,Tailspin Aspiradoras Modelo 0235,Electrohogar,Aspiradoras,Tailspin,324600,199600,Activo,2025-09-12
P0236,SKU-ELE-0236,Adventure Lavado Modelo 0236,Electrohogar,Lavado,Adventure,1583600,851900,Activo,2025-08-16
P0237,SKU-ALI-0237,Litware Despensa Modelo 0237,Alimentos,Despensa,Litware,2379400,1648000,Activo,2025-03-27
P0238,SKU-JUG-0238,Fabrikam Exterior Modelo 0238,Jugueteria,Exterior,Fabrikam,724500,520200,Activo,2025-08-02
P0239,SKU-ELE-0239,Northwind Climatizacion Modelo 0239,Electrohogar,Climatizacion,Northwind,1169300,699300,Activo,2024-09-30
P0240,SKU-MUE-0240,Adventure Sala Modelo 0240,Muebles,Sala,Adventure,718900,496400,Activo,2026-01-21
P0241,SKU-MOD-0241,Northwind Calzado Modelo 0241,Moda,Calzado,Northwind,2465800,1805400,Activo,2024-12-28
P0242,SKU-ELE-0242,Adventure Aspiradoras Modelo 0242,Electrohogar,Aspiradoras,Adventure,1326700,726300,Activo,2026-01-06
P0243,SKU-ALI-0243,Tailspin Snacks Modelo 0243,Alimentos,Snacks,Tailspin,2428800,1884000,Activo,2024-05-06
P0244,SKU-DEP-0244,Proseware Fitness Modelo 0244,Deportes,Fitness,Proseware,1272400,873600,Activo,2026-02-04
P0245,SKU-ALI-0245,Tailspin Snacks Modelo 0245,Alimentos,Snacks,Tailspin,1340000,896800,Activo,2026-05-22
P0246,SKU-ALI-0246,Proseware Bebidas Modelo 0246,Alimentos,Bebidas,Proseware,2310600,1410900,Activo,2024-01-29
P0247,SKU-BEL-0247,Contoso Perfumes Modelo 0247,Belleza,Perfumes,Contoso,225100,125300,Activo,2024-04-28
P0248,SKU-BEL-0248,Fabrikam Maquillaje Modelo 0248,Belleza,Maquillaje,Fabrikam,1321000,793700,Activo,2024-01-22
P0249,SKU-MOD-0249,Andina Hombre Modelo 0249,Moda,Hombre,Andina,1454900,788200,Activo,2025-03-20
P0250,SKU-JUG-0250,Northwind Exterior Modelo 0250,Jugueteria,Exterior,Northwind,1670700,1150700,Activo,2024-01-14
P0251,SKU-TEC-0251,Litware Video Modelo 0251,Tecnologia,Video,Litware,2453700,1463100,Activo,2024-06-12
P0252,SKU-JUG-0252,Andina Didacticos Modelo 0252,Jugueteria,Didacticos,Andina,1388300,972800,Activo,2024-11-13
P0253,SKU-MUE-0253,Contoso Oficina Modelo 0253,Muebles,Oficina,Contoso,1915600,1489600,Activo,2024-04-08
P0254,SKU-MOD-0254,Tailspin Hombre Modelo 0254,Moda,Hombre,Tailspin,1881300,1082100,Activo,2024-04-16
P0255,SKU-DEP-0255,Proseware Ciclismo Modelo 0255,Deportes,Ciclismo,Proseware,397200,278800,Activo,2024-08-03
P0256,SKU-MOD-0256,Contoso Hombre Modelo 0256,Moda,Hombre,Contoso,1614300,1192900,Activo,2025-01-13
P0257,SKU-MUE-0257,WideWorld Dormitorio Modelo 0257,Muebles,Dormitorio,WideWorld,1150000,646600,Activo,2025-03-26
P0258,SKU-MOD-0258,Proseware Mujer Modelo 0258,Moda,Mujer,Proseware,1500200,1014200,Activo,2026-02-16
P0259,SKU-MOD-0259,Proseware Hombre Modelo 0259,Moda,Hombre,Proseware,1391500,894600,Activo,2026-04-11
P0260,SKU-ELE-0260,Andina Climatizacion Modelo 0260,Electrohogar,Climatizacion,Andina,1066000,747800,Descontinuado,2024-03-10
P0261,SKU-MUE-0261,Contoso Oficina Modelo 0261,Muebles,Oficina,Contoso,2299100,1418000,Activo,2024-12-13
P0262,SKU-DEP-0262,Litware Ciclismo Modelo 0262,Deportes,Ciclismo,Litware,2103300,1437700,Activo,2024-09-01
P0263,SKU-TEC-0263,Northwind Accesorios Modelo 0263,Tecnologia,Accesorios,Northwind,1499400,1011000,Activo,2025-11-29
P0264,SKU-JUG-0264,Litware Exterior Modelo 0264,Jugueteria,Exterior,Litware,28700,20900,Activo,2024-05-21
P0265,SKU-BEL-0265,WideWorld Maquillaje Modelo 0265,Belleza,Maquillaje,WideWorld,1612500,1090800,Activo,2024-07-27
P0266,SKU-ALI-0266,Adventure Snacks Modelo 0266,Alimentos,Snacks,Adventure,1030500,793800,Activo,2025-07-31
P0267,SKU-ALI-0267,Adventure Despensa Modelo 0267,Alimentos,Despensa,Adventure,1640300,1179800,Activo,2026-01-22
P0268,SKU-DEP-0268,Tailspin Outdoor Modelo 0268,Deportes,Outdoor,Tailspin,2182500,1210500,Activo,2025-12-30
P0269,SKU-ALI-0269,Fabrikam Gourmet Modelo 0269,Alimentos,Gourmet,Fabrikam,649400,345500,Activo,2024-05-07
P0270,SKU-JUG-0270,WideWorld Construccion Modelo 0270,Jugueteria,Construccion,WideWorld,989100,697300,Descontinuado,2024-05-20
P0271,SKU-BEL-0271,Fabrikam Perfumes Modelo 0271,Belleza,Perfumes,Fabrikam,1047900,780000,Activo,2025-11-21
P0272,SKU-DEP-0272,Tailspin Fitness Modelo 0272,Deportes,Fitness,Tailspin,168300,121300,Activo,2026-05-13
P0273,SKU-BEL-0273,Adventure Perfumes Modelo 0273,Belleza,Perfumes,Adventure,2374700,1462300,Activo,2024-09-22
P0274,SKU-ALI-0274,Fabrikam Bebidas Modelo 0274,Alimentos,Bebidas,Fabrikam,1038700,802200,Activo,2024-12-06
P0275,SKU-MOD-0275,Tailspin Hombre Modelo 0275,Moda,Hombre,Tailspin,2391900,1640400,Activo,2024-04-05
P0276,SKU-MOD-0276,Adventure Calzado Modelo 0276,Moda,Calzado,Adventure,1981100,1441500,Activo,2025-04-24
P0277,SKU-MUE-0277,Fabrikam Oficina Modelo 0277,Muebles,Oficina,Fabrikam,1279900,826400,Descontinuado,2024-11-19
P0278,SKU-MOD-0278,Adventure Calzado Modelo 0278,Moda,Calzado,Adventure,2389800,1286500,Activo,2025-11-24
P0279,SKU-ELE-0279,Andina Cocina Modelo 0279,Electrohogar,Cocina,Andina,2357100,1826500,Activo,2025-03-17
P0280,SKU-ELE-0280,Northwind Cocina Modelo 0280,Electrohogar,Cocina,Northwind,516300,341800,Activo,2024-10-05
P0281,SKU-MUE-0281,Northwind Comedor Modelo 0281,Muebles,Comedor,Northwind,1815100,1067600,Activo,2025-01-12
P0282,SKU-BEL-0282,Fabrikam Maquillaje Modelo 0282,Belleza,Maquillaje,Fabrikam,1311900,705800,Activo,2024-04-13
P0283,SKU-ALI-0283,Tailspin Bebidas Modelo 0283,Alimentos,Bebidas,Tailspin,2396800,1517000,Activo,2026-05-13
P0284,SKU-ALI-0284,Proseware Gourmet Modelo 0284,Alimentos,Gourmet,Proseware,666700,486700,Activo,2024-09-05
P0285,SKU-MOD-0285,Litware Hombre Modelo 0285,Moda,Hombre,Litware,1360600,753900,Activo,2024-12-22
P0286,SKU-BEL-0286,Fabrikam Maquillaje Modelo 0286,Belleza,Maquillaje,Fabrikam,2285800,1440800,Activo,2025-11-03
P0287,SKU-ELE-0287,Fabrikam Aspiradoras Modelo 0287,Electrohogar,Aspiradoras,Fabrikam,2149800,1148800,Activo,2025-12-11
P0288,SKU-ALI-0288,Andina Gourmet Modelo 0288,Alimentos,Gourmet,Andina,1628300,941400,Activo,2025-09-24
P0289,SKU-TEC-0289,Adventure Video Modelo 0289,Tecnologia,Video,Adventure,919600,566300,Activo,2024-12-23
P0290,SKU-ELE-0290,Adventure Aspiradoras Modelo 0290,Electrohogar,Aspiradoras,Adventure,216100,134400,Activo,2026-02-02
P0291,SKU-ALI-0291,Tailspin Bebidas Modelo 0291,Alimentos,Bebidas,Tailspin,195500,109400,Activo,2026-05-09
P0292,SKU-ALI-0292,Contoso Gourmet Modelo 0292,Alimentos,Gourmet,Contoso,1206200,800300,Activo,2024-07-01
P0293,SKU-ALI-0293,WideWorld Snacks Modelo 0293,Alimentos,Snacks,WideWorld,1334200,1025400,Activo,2026-02-20
P0294,SKU-BEL-0294,Proseware Perfumes Modelo 0294,Belleza,Perfumes,Proseware,2195600,1710400,Activo,2024-01-19
P0295,SKU-ALI-0295,Northwind Gourmet Modelo 0295,Alimentos,Gourmet,Northwind,411200,279900,Activo,2024-03-15
P0296,SKU-TEC-0296,Contoso Celulares Modelo 0296,Tecnologia,Celulares,Contoso,2031800,1238700,Activo,2024-12-13
P0297,SKU-MUE-0297,Northwind Oficina Modelo 0297,Muebles,Oficina,Northwind,1914800,1063400,Activo,2024-02-09
P0298,SKU-MUE-0298,Northwind Comedor Modelo 0298,Muebles,Comedor,Northwind,2471500,1569200,Activo,2024-11-01
P0299,SKU-DEP-0299,Contoso Ciclismo Modelo 0299,Deportes,Ciclismo,Contoso,1214200,741300,Activo,2025-04-24
P0300,SKU-ELE-0300,Tailspin Lavado Modelo 0300,Electrohogar,Lavado,Tailspin,2471100,1833300,Activo,2024-04-17
P0301,SKU-ELE-0301,Northwind Aspiradoras Modelo 0301,Electrohogar,Aspiradoras,Northwind,1654600,906900,Activo,2026-01-13
P0302,SKU-TEC-0302,Fabrikam Celulares Modelo 0302,Tecnologia,Celulares,Fabrikam,1877100,1088100,Activo,2024-06-16
P0303,SKU-MUE-0303,Contoso Dormitorio Modelo 0303,Muebles,Dormitorio,Contoso,1003200,532400,Activo,2025-01-25
P0304,SKU-JUG-0304,Litware Coleccionables Modelo 0304,Jugueteria,Coleccionables,Litware,2326600,1389000,Activo,2024-03-29
P0305,SKU-ELE-0305,Proseware Climatizacion Modelo 0305,Electrohogar,Climatizacion,Proseware,1814000,1206300,Activo,2026-02-09
P0306,SKU-ALI-0306,Fabrikam Bebidas Modelo 0306,Alimentos,Bebidas,Fabrikam,283400,177500,Activo,2025-06-09
P0307,SKU-ALI-0307,Contoso Bebidas Modelo 0307,Alimentos,Bebidas,Contoso,1006600,765500,Activo,2026-01-21
P0308,SKU-MOD-0308,Andina Infantil Modelo 0308,Moda,Infantil,Andina,1392900,846000,Activo,2025-05-03
P0309,SKU-DEP-0309,Andina Futbol Modelo 0309,Deportes,Futbol,Andina,1232900,928300,Activo,2026-02-18
P0310,SKU-JUG-0310,Contoso Didacticos Modelo 0310,Jugueteria,Didacticos,Contoso,2089200,1172900,Activo,2026-03-05
P0311,SKU-DEP-0311,Tailspin Futbol Modelo 0311,Deportes,Futbol,Tailspin,860100,451800,Activo,2025-05-08
P0312,SKU-ELE-0312,WideWorld Lavado Modelo 0312,Electrohogar,Lavado,WideWorld,625300,448600,Activo,2025-02-08
P0313,SKU-JUG-0313,Fabrikam Didacticos Modelo 0313,Jugueteria,Didacticos,Fabrikam,879700,593000,Activo,2025-03-01
P0314,SKU-JUG-0314,WideWorld Didacticos Modelo 0314,Jugueteria,Didacticos,WideWorld,1607600,1031400,Activo,2025-04-10
P0315,SKU-ALI-0315,Proseware Bebidas Modelo 0315,Alimentos,Bebidas,Proseware,2130000,1568000,Activo,2025-02-11
P0316,SKU-JUG-0316,Adventure Didacticos Modelo 0316,Jugueteria,Didacticos,Adventure,1302400,847100,Activo,2024-06-14
P0317,SKU-ELE-0317,Fabrikam Lavado Modelo 0317,Electrohogar,Lavado,Fabrikam,1269500,698200,Activo,2025-07-23
P0318,SKU-DEP-0318,WideWorld Futbol Modelo 0318,Deportes,Futbol,WideWorld,699700,422100,Activo,2024-12-14
P0319,SKU-BEL-0319,WideWorld Cuidado corporal Modelo 0319,Belleza,Cuidado corporal,WideWorld,1424200,996300,Activo,2026-04-26
P0320,SKU-MUE-0320,WideWorld Comedor Modelo 0320,Muebles,Comedor,WideWorld,861700,598800,Activo,2024-09-14
P0321,SKU-MUE-0321,WideWorld Sala Modelo 0321,Muebles,Sala,WideWorld,780900,462600,Activo,2024-12-22
P0322,SKU-DEP-0322,Proseware Outdoor Modelo 0322,Deportes,Outdoor,Proseware,328400,171000,Activo,2024-12-21
P0323,SKU-ELE-0323,Northwind Aspiradoras Modelo 0323,Electrohogar,Aspiradoras,Northwind,1928500,1495100,Activo,2025-06-22
P0324,SKU-DEP-0324,Adventure Futbol Modelo 0324,Deportes,Futbol,Adventure,2202200,1581400,Activo,2024-06-10
P0325,SKU-MOD-0325,Andina Hombre Modelo 0325,Moda,Hombre,Andina,794100,548400,Activo,2024-06-15
P0326,SKU-ALI-0326,Fabrikam Bebidas Modelo 0326,Alimentos,Bebidas,Fabrikam,1646000,1003800,Activo,2024-02-29
P0327,SKU-DEP-0327,Northwind Fitness Modelo 0327,Deportes,Fitness,Northwind,1321500,773100,Activo,2025-12-31
P0328,SKU-MOD-0328,Litware Calzado Modelo 0328,Moda,Calzado,Litware,1961700,1250300,Activo,2024-05-11
P0329,SKU-TEC-0329,Contoso Video Modelo 0329,Tecnologia,Video,Contoso,1220400,947300,Activo,2026-04-11
P0330,SKU-DEP-0330,Adventure Futbol Modelo 0330,Deportes,Futbol,Adventure,2457700,1607200,Activo,2025-03-16
P0331,SKU-DEP-0331,Tailspin Ciclismo Modelo 0331,Deportes,Ciclismo,Tailspin,224500,117000,Activo,2025-08-20
P0332,SKU-TEC-0332,WideWorld Accesorios Modelo 0332,Tecnologia,Accesorios,WideWorld,2346300,1568600,Activo,2024-02-07
P0333,SKU-MOD-0333,Proseware Mujer Modelo 0333,Moda,Mujer,Proseware,1276400,687300,Activo,2026-05-23
P0334,SKU-TEC-0334,Andina Video Modelo 0334,Tecnologia,Video,Andina,1994200,1383800,Activo,2026-03-19
P0335,SKU-ALI-0335,WideWorld Snacks Modelo 0335,Alimentos,Snacks,WideWorld,444200,295600,Activo,2024-02-24
P0336,SKU-ALI-0336,Fabrikam Bebidas Modelo 0336,Alimentos,Bebidas,Fabrikam,778600,575600,Activo,2026-04-22
P0337,SKU-ALI-0337,Proseware Bebidas Modelo 0337,Alimentos,Bebidas,Proseware,30600,16800,Activo,2024-11-14
P0338,SKU-JUG-0338,Tailspin Construccion Modelo 0338,Jugueteria,Construccion,Tailspin,1736300,1226500,Activo,2024-09-22
P0339,SKU-DEP-0339,Andina Outdoor Modelo 0339,Deportes,Outdoor,Andina,2017100,1059900,Activo,2025-08-27
P0340,SKU-DEP-0340,Andina Futbol Modelo 0340,Deportes,Futbol,Andina,1057300,773100,Activo,2025-06-18
P0341,SKU-MUE-0341,Northwind Comedor Modelo 0341,Muebles,Comedor,Northwind,1948300,1034900,Activo,2024-05-01
P0342,SKU-BEL-0342,Litware Perfumes Modelo 0342,Belleza,Perfumes,Litware,1183500,647700,Activo,2025-10-03
P0343,SKU-MUE-0343,Contoso Dormitorio Modelo 0343,Muebles,Dormitorio,Contoso,2343500,1440600,Activo,2026-03-14
P0344,SKU-MUE-0344,WideWorld Sala Modelo 0344,Muebles,Sala,WideWorld,2180700,1589900,Activo,2024-03-11
P0345,SKU-TEC-0345,Fabrikam Video Modelo 0345,Tecnologia,Video,Fabrikam,812600,559500,Activo,2024-01-04
P0346,SKU-TEC-0346,Contoso Video Modelo 0346,Tecnologia,Video,Contoso,1143300,626300,Activo,2025-06-16
P0347,SKU-ELE-0347,Adventure Climatizacion Modelo 0347,Electrohogar,Climatizacion,Adventure,309500,185800,Activo,2025-08-13
P0348,SKU-DEP-0348,WideWorld Futbol Modelo 0348,Deportes,Futbol,WideWorld,1432500,952000,Activo,2025-09-16
P0349,SKU-BEL-0349,Fabrikam Perfumes Modelo 0349,Belleza,Perfumes,Fabrikam,1294100,899400,Activo,2024-05-09
P0350,SKU-BEL-0350,Proseware Perfumes Modelo 0350,Belleza,Perfumes,Proseware,1493000,810400,Activo,2024-05-14
P0351,SKU-ALI-0351,Litware Bebidas Modelo 0351,Alimentos,Bebidas,Litware,1248600,838300,Activo,2025-02-11
P0352,SKU-MOD-0352,Tailspin Infantil Modelo 0352,Moda,Infantil,Tailspin,1926300,1364400,Activo,2024-09-19
P0353,SKU-ELE-0353,Andina Aspiradoras Modelo 0353,Electrohogar,Aspiradoras,Andina,1698300,1042800,Activo,2024-03-02
P0354,SKU-ALI-0354,Contoso Despensa Modelo 0354,Alimentos,Despensa,Contoso,2332100,1339500,Activo,2025-08-15
P0355,SKU-ALI-0355,Proseware Snacks Modelo 0355,Alimentos,Snacks,Proseware,26300,17700,Activo,2026-01-12
P0356,SKU-MOD-0356,Adventure Infantil Modelo 0356,Moda,Infantil,Adventure,1788200,1193900,Activo,2024-07-07
P0357,SKU-ELE-0357,Andina Cocina Modelo 0357,Electrohogar,Cocina,Andina,1763600,1290500,Activo,2025-11-10
P0358,SKU-MOD-0358,WideWorld Mujer Modelo 0358,Moda,Mujer,WideWorld,836300,558900,Activo,2026-05-26
P0359,SKU-BEL-0359,Andina Maquillaje Modelo 0359,Belleza,Maquillaje,Andina,1366700,884400,Activo,2024-11-18
P0360,SKU-MUE-0360,Contoso Oficina Modelo 0360,Muebles,Oficina,Contoso,1242900,854400,Activo,2024-08-15
P0361,SKU-BEL-0361,Northwind Cuidado facial Modelo 0361,Belleza,Cuidado facial,Northwind,975800,675400,Activo,2025-08-24
P0362,SKU-TEC-0362,WideWorld Video Modelo 0362,Tecnologia,Video,WideWorld,2351700,1691000,Activo,2026-03-22
P0363,SKU-DEP-0363,Northwind Futbol Modelo 0363,Deportes,Futbol,Northwind,1431000,841400,Activo,2024-05-30
P0364,SKU-TEC-0364,Adventure Computadores Modelo 0364,Tecnologia,Computadores,Adventure,103200,60200,Activo,2025-01-20
P0365,SKU-ELE-0365,WideWorld Lavado Modelo 0365,Electrohogar,Lavado,WideWorld,1633800,961300,Activo,2026-02-05
P0366,SKU-TEC-0366,Proseware Audio Modelo 0366,Tecnologia,Audio,Proseware,1463000,899800,Activo,2024-02-24
P0367,SKU-MOD-0367,Northwind Mujer Modelo 0367,Moda,Mujer,Northwind,2437400,1874200,Activo,2025-01-20
P0368,SKU-DEP-0368,Andina Outdoor Modelo 0368,Deportes,Outdoor,Andina,1508200,938100,Activo,2025-09-03
P0369,SKU-MOD-0369,Andina Infantil Modelo 0369,Moda,Infantil,Andina,2355400,1656400,Activo,2024-07-13
P0370,SKU-MOD-0370,Adventure Calzado Modelo 0370,Moda,Calzado,Adventure,2128900,1171600,Activo,2024-11-18
P0371,SKU-MUE-0371,WideWorld Comedor Modelo 0371,Muebles,Comedor,WideWorld,709700,504600,Activo,2024-12-16
P0372,SKU-TEC-0372,WideWorld Audio Modelo 0372,Tecnologia,Audio,WideWorld,2290500,1493200,Activo,2024-08-15
P0373,SKU-JUG-0373,Adventure Exterior Modelo 0373,Jugueteria,Exterior,Adventure,593200,417300,Activo,2025-10-09
P0374,SKU-ALI-0374,Tailspin Snacks Modelo 0374,Alimentos,Snacks,Tailspin,840000,547000,Activo,2025-10-20
P0375,SKU-DEP-0375,Contoso Futbol Modelo 0375,Deportes,Futbol,Contoso,540500,312300,Descontinuado,2024-02-19
P0376,SKU-DEP-0376,Tailspin Futbol Modelo 0376,Deportes,Futbol,Tailspin,810100,497900,Activo,2026-01-27
P0377,SKU-MUE-0377,Contoso Oficina Modelo 0377,Muebles,Oficina,Contoso,1812800,1240700,Activo,2024-11-05
P0378,SKU-JUG-0378,Andina Didacticos Modelo 0378,Jugueteria,Didacticos,Andina,2389100,1760800,Activo,2026-05-18
P0379,SKU-MOD-0379,Tailspin Calzado Modelo 0379,Moda,Calzado,Tailspin,563100,337100,Activo,2026-06-05
P0380,SKU-TEC-0380,Proseware Celulares Modelo 0380,Tecnologia,Celulares,Proseware,2078200,1304000,Activo,2025-07-19
P0381,SKU-JUG-0381,Adventure Didacticos Modelo 0381,Jugueteria,Didacticos,Adventure,556800,385400,Activo,2026-02-22
P0382,SKU-JUG-0382,Proseware Construccion Modelo 0382,Jugueteria,Construccion,Proseware,669500,512800,Activo,2026-01-13
P0383,SKU-ALI-0383,Andina Despensa Modelo 0383,Alimentos,Despensa,Andina,124600,83500,Activo,2026-05-14
P0384,SKU-TEC-0384,Adventure Celulares Modelo 0384,Tecnologia,Celulares,Adventure,625200,346000,Activo,2024-03-20
P0385,SKU-DEP-0385,Northwind Outdoor Modelo 0385,Deportes,Outdoor,Northwind,622200,341600,Activo,2024-09-02
P0386,SKU-ALI-0386,Contoso Bebidas Modelo 0386,Alimentos,Bebidas,Contoso,2367000,1419300,Activo,2024-09-02
P0387,SKU-BEL-0387,Adventure Maquillaje Modelo 0387,Belleza,Maquillaje,Adventure,1563100,1112500,Activo,2025-05-20
P0388,SKU-MUE-0388,Litware Comedor Modelo 0388,Muebles,Comedor,Litware,984700,732700,Activo,2025-11-25
P0389,SKU-MUE-0389,Northwind Oficina Modelo 0389,Muebles,Oficina,Northwind,2000600,1158500,Activo,2024-04-12
P0390,SKU-MOD-0390,Andina Calzado Modelo 0390,Moda,Calzado,Andina,1039000,606600,Activo,2024-01-31
P0391,SKU-ELE-0391,Andina Climatizacion Modelo 0391,Electrohogar,Climatizacion,Andina,1646000,1220900,Activo,2025-03-06
P0392,SKU-ELE-0392,Proseware Cocina Modelo 0392,Electrohogar,Cocina,Proseware,492100,277900,Activo,2024-08-21
P0393,SKU-JUG-0393,Fabrikam Construccion Modelo 0393,Jugueteria,Construccion,Fabrikam,1949600,1030200,Activo,2025-05-20
P0394,SKU-MUE-0394,Contoso Oficina Modelo 0394,Muebles,Oficina,Contoso,802500,429900,Activo,2025-10-10
P0395,SKU-ELE-0395,Fabrikam Lavado Modelo 0395,Electrohogar,Lavado,Fabrikam,892400,612600,Activo,2025-05-20
P0396,SKU-ELE-0396,Andina Cocina Modelo 0396,Electrohogar,Cocina,Andina,1213100,785200,Activo,2026-03-15
P0397,SKU-DEP-0397,Contoso Ciclismo Modelo 0397,Deportes,Ciclismo,Contoso,780500,499900,Activo,2026-03-10
P0398,SKU-BEL-0398,WideWorld Perfumes Modelo 0398,Belleza,Perfumes,WideWorld,13600,10000,Activo,2024-07-04
P0399,SKU-TEC-0399,Adventure Celulares Modelo 0399,Tecnologia,Celulares,Adventure,1150000,690600,Activo,2024-08-01
P0400,SKU-BEL-0400,Proseware Cuidado corporal Modelo 0400,Belleza,Cuidado corporal,Proseware,529800,318900,Activo,2026-01-01
P0401,SKU-JUG-0401,Tailspin Coleccionables Modelo 0401,Jugueteria,Coleccionables,Tailspin,1251400,946500,Activo,2024-01-09
P0402,SKU-MOD-0402,Andina Mujer Modelo 0402,Moda,Mujer,Andina,804500,438600,Activo,2024-10-17
P0403,SKU-ELE-0403,Tailspin Cocina Modelo 0403,Electrohogar,Cocina,Tailspin,1195400,723300,Activo,2026-03-26
P0404,SKU-ALI-0404,Contoso Bebidas Modelo 0404,Alimentos,Bebidas,Contoso,336800,175900,Activo,2024-12-26
P0405,SKU-BEL-0405,Andina Maquillaje Modelo 0405,Belleza,Maquillaje,Andina,2457900,1278700,Activo,2025-07-06
P0406,SKU-JUG-0406,WideWorld Construccion Modelo 0406,Jugueteria,Construccion,WideWorld,1030800,786000,Activo,2025-11-12
P0407,SKU-ELE-0407,Adventure Cocina Modelo 0407,Electrohogar,Cocina,Adventure,955800,623300,Activo,2026-01-27
P0408,SKU-BEL-0408,Northwind Maquillaje Modelo 0408,Belleza,Maquillaje,Northwind,1431100,1029500,Activo,2026-02-04
P0409,SKU-MUE-0409,Northwind Dormitorio Modelo 0409,Muebles,Dormitorio,Northwind,1813500,1381400,Activo,2024-08-20
P0410,SKU-MUE-0410,Proseware Sala Modelo 0410,Muebles,Sala,Proseware,1303300,707800,Activo,2025-07-13
P0411,SKU-TEC-0411,WideWorld Accesorios Modelo 0411,Tecnologia,Accesorios,WideWorld,1642000,917000,Activo,2024-08-09
P0412,SKU-JUG-0412,Fabrikam Exterior Modelo 0412,Jugueteria,Exterior,Fabrikam,597500,372200,Activo,2024-05-14
P0413,SKU-ELE-0413,Tailspin Aspiradoras Modelo 0413,Electrohogar,Aspiradoras,Tailspin,2167100,1306500,Activo,2024-10-15
P0414,SKU-ALI-0414,Andina Bebidas Modelo 0414,Alimentos,Bebidas,Andina,1892100,1205800,Activo,2024-05-08
P0415,SKU-DEP-0415,Fabrikam Futbol Modelo 0415,Deportes,Futbol,Fabrikam,1666700,962200,Activo,2026-01-08
P0416,SKU-DEP-0416,Fabrikam Ciclismo Modelo 0416,Deportes,Ciclismo,Fabrikam,563000,355700,Activo,2024-01-24
P0417,SKU-JUG-0417,Litware Coleccionables Modelo 0417,Jugueteria,Coleccionables,Litware,1103100,779200,Activo,2024-07-11
P0418,SKU-JUG-0418,Andina Coleccionables Modelo 0418,Jugueteria,Coleccionables,Andina,793100,586100,Activo,2024-10-30
P0419,SKU-ELE-0419,Proseware Lavado Modelo 0419,Electrohogar,Lavado,Proseware,670200,520600,Activo,2025-07-19
P0420,SKU-MOD-0420,Northwind Calzado Modelo 0420,Moda,Calzado,Northwind,278200,148200,Activo,2024-04-17
P0421,SKU-DEP-0421,Tailspin Fitness Modelo 0421,Deportes,Fitness,Tailspin,1059200,755400,Activo,2024-11-03
P0422,SKU-MUE-0422,Fabrikam Sala Modelo 0422,Muebles,Sala,Fabrikam,1565200,1159100,Activo,2024-05-09
P0423,SKU-JUG-0423,Tailspin Coleccionables Modelo 0423,Jugueteria,Coleccionables,Tailspin,551400,349500,Activo,2026-01-14
P0424,SKU-TEC-0424,Contoso Accesorios Modelo 0424,Tecnologia,Accesorios,Contoso,1740400,1089000,Activo,2025-04-19
P0425,SKU-BEL-0425,Northwind Maquillaje Modelo 0425,Belleza,Maquillaje,Northwind,48100,37200,Activo,2024-04-15
P0426,SKU-ALI-0426,Litware Snacks Modelo 0426,Alimentos,Snacks,Litware,870400,625200,Activo,2026-03-04
P0427,SKU-ALI-0427,Northwind Bebidas Modelo 0427,Alimentos,Bebidas,Northwind,2317000,1309400,Activo,2025-05-22
P0428,SKU-DEP-0428,Andina Ciclismo Modelo 0428,Deportes,Ciclismo,Andina,1258400,866600,Activo,2025-03-31
P0429,SKU-JUG-0429,Proseware Didacticos Modelo 0429,Jugueteria,Didacticos,Proseware,558100,400200,Activo,2024-03-20
P0430,SKU-MUE-0430,Fabrikam Sala Modelo 0430,Muebles,Sala,Fabrikam,2138500,1534000,Activo,2026-05-31
P0431,SKU-ELE-0431,Andina Aspiradoras Modelo 0431,Electrohogar,Aspiradoras,Andina,759100,577900,Activo,2025-07-09
P0432,SKU-DEP-0432,Northwind Ciclismo Modelo 0432,Deportes,Ciclismo,Northwind,161900,123200,Descontinuado,2024-09-27
P0433,SKU-BEL-0433,Adventure Maquillaje Modelo 0433,Belleza,Maquillaje,Adventure,347000,234300,Activo,2024-06-23
P0434,SKU-TEC-0434,Contoso Accesorios Modelo 0434,Tecnologia,Accesorios,Contoso,2414800,1419900,Activo,2025-09-14
P0435,SKU-JUG-0435,Tailspin Didacticos Modelo 0435,Jugueteria,Didacticos,Tailspin,1017400,550400,Activo,2024-11-21
P0436,SKU-MOD-0436,Tailspin Mujer Modelo 0436,Moda,Mujer,Tailspin,1422300,914400,Activo,2025-01-10
P0437,SKU-DEP-0437,Adventure Futbol Modelo 0437,Deportes,Futbol,Adventure,2106700,1175000,Activo,2026-01-11
P0438,SKU-MUE-0438,Tailspin Sala Modelo 0438,Muebles,Sala,Tailspin,70200,43400,Activo,2026-02-17
P0439,SKU-MOD-0439,Andina Calzado Modelo 0439,Moda,Calzado,Andina,1375400,990000,Activo,2026-06-02
P0440,SKU-BEL-0440,Northwind Perfumes Modelo 0440,Belleza,Perfumes,Northwind,628600,427100,Activo,2024-06-18
P0441,SKU-MUE-0441,WideWorld Sala Modelo 0441,Muebles,Sala,WideWorld,1062200,645000,Activo,2025-06-16
P0442,SKU-TEC-0442,Andina Accesorios Modelo 0442,Tecnologia,Accesorios,Andina,421300,289800,Activo,2025-08-03
P0443,SKU-TEC-0443,Fabrikam Audio Modelo 0443,Tecnologia,Audio,Fabrikam,1459300,990400,Activo,2025-04-06
P0444,SKU-ALI-0444,Litware Despensa Modelo 0444,Alimentos,Despensa,Litware,1486300,856200,Activo,2024-10-22
P0445,SKU-ALI-0445,Proseware Gourmet Modelo 0445,Alimentos,Gourmet,Proseware,1368800,1049900,Activo,2024-06-19
P0446,SKU-TEC-0446,Adventure Accesorios Modelo 0446,Tecnologia,Accesorios,Adventure,1539800,839000,Activo,2024-05-27
P0447,SKU-ALI-0447,Fabrikam Gourmet Modelo 0447,Alimentos,Gourmet,Fabrikam,878400,658900,Descontinuado,2025-11-08
P0448,SKU-MOD-0448,Fabrikam Hombre Modelo 0448,Moda,Hombre,Fabrikam,76000,59000,Activo,2025-04-10
P0449,SKU-MOD-0449,WideWorld Calzado Modelo 0449,Moda,Calzado,WideWorld,951100,555200,Activo,2025-02-23
P0450,SKU-ALI-0450,Andina Bebidas Modelo 0450,Alimentos,Bebidas,Andina,1914700,1462700,Activo,2024-04-13
P0451,SKU-TEC-0451,Northwind Video Modelo 0451,Tecnologia,Video,Northwind,349200,272300,Activo,2024-03-12
P0452,SKU-MOD-0452,Litware Calzado Modelo 0452,Moda,Calzado,Litware,836900,556100,Activo,2026-02-21
P0453,SKU-MOD-0453,Tailspin Hombre Modelo 0453,Moda,Hombre,Tailspin,2018000,1366600,Activo,2026-01-01
P0454,SKU-TEC-0454,Northwind Audio Modelo 0454,Tecnologia,Audio,Northwind,428100,246400,Activo,2025-10-08
P0455,SKU-ALI-0455,Litware Snacks Modelo 0455,Alimentos,Snacks,Litware,1323800,693600,Activo,2026-06-01
P0456,SKU-TEC-0456,WideWorld Audio Modelo 0456,Tecnologia,Audio,WideWorld,2376400,1795200,Activo,2025-03-27
P0457,SKU-DEP-0457,Fabrikam Ciclismo Modelo 0457,Deportes,Ciclismo,Fabrikam,1584900,969700,Activo,2025-10-01
P0458,SKU-MOD-0458,Proseware Mujer Modelo 0458,Moda,Mujer,Proseware,121500,80800,Descontinuado,2025-10-12
P0459,SKU-TEC-0459,Proseware Computadores Modelo 0459,Tecnologia,Computadores,Proseware,1608500,1217900,Activo,2026-02-20
P0460,SKU-MOD-0460,Contoso Infantil Modelo 0460,Moda,Infantil,Contoso,622800,477400,Activo,2025-10-21
P0461,SKU-BEL-0461,WideWorld Cuidado facial Modelo 0461,Belleza,Cuidado facial,WideWorld,2126600,1321900,Activo,2025-10-15
P0462,SKU-BEL-0462,Adventure Perfumes Modelo 0462,Belleza,Perfumes,Adventure,1412100,811900,Activo,2025-08-12
P0463,SKU-ALI-0463,Tailspin Snacks Modelo 0463,Alimentos,Snacks,Tailspin,48100,26100,Activo,2024-07-03
P0464,SKU-ALI-0464,Andina Despensa Modelo 0464,Alimentos,Despensa,Andina,754700,459700,Activo,2026-03-15
P0465,SKU-ALI-0465,Northwind Despensa Modelo 0465,Alimentos,Despensa,Northwind,529000,360900,Activo,2025-08-15
P0466,SKU-DEP-0466,Fabrikam Outdoor Modelo 0466,Deportes,Outdoor,Fabrikam,2353400,1522000,Activo,2026-04-25
P0467,SKU-TEC-0467,Andina Audio Modelo 0467,Tecnologia,Audio,Andina,531300,389000,Activo,2025-10-20
P0468,SKU-ELE-0468,Proseware Cocina Modelo 0468,Electrohogar,Cocina,Proseware,304500,161700,Activo,2024-08-19
P0469,SKU-BEL-0469,Adventure Perfumes Modelo 0469,Belleza,Perfumes,Adventure,1096200,698300,Activo,2026-05-31
P0470,SKU-MUE-0470,Litware Dormitorio Modelo 0470,Muebles,Dormitorio,Litware,1946600,1138100,Activo,2026-04-17
P0471,SKU-ALI-0471,Fabrikam Gourmet Modelo 0471,Alimentos,Gourmet,Fabrikam,1579800,1129200,Activo,2024-02-06
P0472,SKU-BEL-0472,WideWorld Cuidado facial Modelo 0472,Belleza,Cuidado facial,WideWorld,1994100,1236500,Activo,2026-05-14
P0473,SKU-ALI-0473,Litware Bebidas Modelo 0473,Alimentos,Bebidas,Litware,2066600,1225300,Activo,2024-12-30
P0474,SKU-DEP-0474,Tailspin Ciclismo Modelo 0474,Deportes,Ciclismo,Tailspin,594600,407800,Activo,2025-09-14
P0475,SKU-JUG-0475,Northwind Construccion Modelo 0475,Jugueteria,Construccion,Northwind,2492500,1849100,Activo,2024-10-27
P0476,SKU-BEL-0476,Litware Cuidado facial Modelo 0476,Belleza,Cuidado facial,Litware,1561100,1036500,Activo,2026-05-19
P0477,SKU-ALI-0477,Fabrikam Snacks Modelo 0477,Alimentos,Snacks,Fabrikam,1138200,793300,Activo,2025-12-04
P0478,SKU-ELE-0478,Tailspin Cocina Modelo 0478,Electrohogar,Cocina,Tailspin,561100,302000,Activo,2024-11-05
P0479,SKU-MUE-0479,Proseware Dormitorio Modelo 0479,Muebles,Dormitorio,Proseware,899000,653500,Descontinuado,2026-01-28
P0480,SKU-ELE-0480,Tailspin Cocina Modelo 0480,Electrohogar,Cocina,Tailspin,2139600,1562100,Activo,2025-07-15
P0481,SKU-BEL-0481,Proseware Cuidado facial Modelo 0481,Belleza,Cuidado facial,Proseware,982300,513600,Activo,2024-09-03
P0482,SKU-DEP-0482,Tailspin Outdoor Modelo 0482,Deportes,Outdoor,Tailspin,926600,669000,Activo,2025-11-30
P0483,SKU-DEP-0483,Northwind Fitness Modelo 0483,Deportes,Fitness,Northwind,444900,246200,Activo,2026-04-22
P0484,SKU-DEP-0484,Proseware Futbol Modelo 0484,Deportes,Futbol,Proseware,1083100,631700,Activo,2025-11-24
P0485,SKU-JUG-0485,Northwind Construccion Modelo 0485,Jugueteria,Construccion,Northwind,2351100,1465200,Descontinuado,2026-02-02
P0486,SKU-DEP-0486,Northwind Fitness Modelo 0486,Deportes,Fitness,Northwind,1765700,1287000,Activo,2026-02-05
P0487,SKU-BEL-0487,Litware Perfumes Modelo 0487,Belleza,Perfumes,Litware,402400,280400,Activo,2026-04-25
P0488,SKU-DEP-0488,Northwind Outdoor Modelo 0488,Deportes,Outdoor,Northwind,1704700,1044600,Activo,2024-06-26
P0489,SKU-MOD-0489,WideWorld Infantil Modelo 0489,Moda,Infantil,WideWorld,1791600,1271800,Activo,2025-12-23
P0490,SKU-MUE-0490,Fabrikam Dormitorio Modelo 0490,Muebles,Dormitorio,Fabrikam,39400,22400,Activo,2025-10-07
P0491,SKU-TEC-0491,Fabrikam Audio Modelo 0491,Tecnologia,Audio,Fabrikam,1849000,1090500,Activo,2026-02-21
P0492,SKU-DEP-0492,Contoso Fitness Modelo 0492,Deportes,Fitness,Contoso,90000,61900,Activo,2026-04-09
P0493,SKU-BEL-0493,WideWorld Perfumes Modelo 0493,Belleza,Perfumes,WideWorld,1103100,742400,Descontinuado,2025-11-17
P0494,SKU-MUE-0494,Tailspin Dormitorio Modelo 0494,Muebles,Dormitorio,Tailspin,2230200,1371400,Activo,2026-05-23
P0495,SKU-MOD-0495,Proseware Mujer Modelo 0495,Moda,Mujer,Proseware,1788200,1347700,Activo,2025-08-04
P0496,SKU-ELE-0496,Northwind Lavado Modelo 0496,Electrohogar,Lavado,Northwind,1228900,936800,Activo,2024-09-06
P0497,SKU-ALI-0497,Adventure Gourmet Modelo 0497,Alimentos,Gourmet,Adventure,2112000,1338900,Activo,2025-03-03
P0498,SKU-BEL-0498,Litware Cuidado corporal Modelo 0498,Belleza,Cuidado corporal,Litware,1606300,1103000,Activo,2024-08-04
P0499,SKU-ELE-0499,Andina Aspiradoras Modelo 0499,Electrohogar,Aspiradoras,Andina,2424900,1797200,Activo,2024-08-19
P0500,SKU-TEC-0500,Litware Video Modelo 0500,Tecnologia,Video,Litware,2426300,1268700,Activo,2024-03-25
